Name,Team,PA,OBP
A.J. Cole,- - -,4,0.333
A.J. Ellis,SDP,183,0.378
A.J. Minter,ATL,0,0
A.J. Pollock,ARI,460,0.316
A.J. Reed,HOU,3,0
Aaron Altherr,PHI,285,0.295
Aaron Brooks,OAK,0,0
Aaron Bummer,CHW,0,0
Aaron Hicks,NYY,581,0.366
Aaron Judge,NYY,498,0.392
Aaron Loup,- - -,0,0
Aaron Nola,PHI,70,0.063
Aaron Sanchez,TOR,1,0
Aaron Slegers,MIN,0,0
Aaron Wilkerson,MIL,2,0
Abiatal Avelino,SFG,11,0.273
Abraham Almonte,KCR,151,0.26
Adalberto Mejia,MIN,1,0
Adalberto Mondesi,KCR,291,0.306
Adam Cimber,- - -,4,0
Adam Conley,MIA,0,0
Adam Duvall,- - -,427,0.274
Adam Eaton,WSN,370,0.394
Adam Engel,CHW,463,0.279
Adam Frazier,PIT,352,0.342
Adam Jones,BAL,613,0.313
Adam Kolarek,TBR,0,0
Adam Liberatore,LAD,1,0
Adam McCreery,ATL,0,0
Adam Moore,TBR,20,0.263
Adam Morgan,PHI,0,0
Adam Ottavino,COL,0,0
Adam Plutko,CLE,2,0
Adam Rosales,CLE,21,0.25
Adam Wainwright,STL,12,0.091
Adam Warren,- - -,0,0
Addison Reed,MIN,0,0
Addison Russell,CHC,465,0.317
Adeiny Hechavarria,- - -,321,0.279
Adolis Garcia,STL,17,0.118
Adrian Beltre,TEX,481,0.328
Adrian Gonzalez,NYM,187,0.299
Adrian Houser,MIL,0,0
Adrian Sampson,TEX,0,0
Adrian Sanchez,WSN,59,0.288
AJ Ramos,NYM,0,0
Akeel Morris,LAA,0,0
Alan Busenitz,MIN,0,0
Albert Almora Jr.,CHC,479,0.323
Albert Pujols,LAA,498,0.289
Alcides Escobar,KCR,531,0.279
Alec Asher,MIL,0,0
Alec Mills,CHC,5,0.2
Aledmys Diaz,TOR,452,0.303
Alen Hanson,SFG,310,0.274
Alex Avila,ARI,234,0.299
Alex Blandino,CIN,147,0.324
Alex Bregman,HOU,705,0.394
Alex Claudio,TEX,0,0
Alex Cobb,BAL,7,0.167
Alex Colome,- - -,0,0
Alex Gordon,KCR,568,0.324
Alex McRae,PIT,2,0
Alex Reyes,STL,1,0
Alex Verdugo,LAD,86,0.329
Alex Wilson,DET,0,0
Alex Wood,LAD,50,0.045
Alexi Ogando,CLE,0,0
Alfredo Gonzalez,CHW,9,0.111
Allen Webster,CHC,0,0
Amed Rosario,NYM,592,0.295
Amir Garrett,CIN,2,0
Andrelton Simmons,LAA,600,0.337
Andrew Benintendi,BOS,661,0.366
Andrew Cashner,BAL,3,0
Andrew Chafin,ARI,0,0
Andrew Heaney,LAA,8,0.125
Andrew Kittredge,TBR,1,0
Andrew Knapp,PHI,215,0.294
Andrew McCutchen,- - -,682,0.368
Andrew Miller,CLE,1,0
Andrew Romine,SEA,131,0.26
Andrew Stevenson,WSN,86,0.306
Andrew Suarez,SFG,51,0.102
Andrew Susac,BAL,26,0.115
Andrew Toles,LAD,32,0.281
Andrew Triggs,OAK,0,0
Andrew Vasquez,MIN,0,0
Andrew Velazquez,TBR,12,0.417
Anibal Sanchez,ATL,44,0.048
Anthony Alford,TOR,21,0.19
Anthony Banda,TBR,0,0
Anthony Bass,CHC,0,0
Anthony DeSclafani,CIN,46,0.143
Anthony Rendon,WSN,597,0.374
Anthony Rizzo,CHC,665,0.376
Anthony Santander,BAL,108,0.25
Anthony Swarzak,NYM,0,0
Antonio Senzatela,COL,29,0.083
Aramis Garcia,SFG,65,0.308
Archie Bradley,ARI,0,0
Ariel Jurado,TEX,1,0
Ariel Miranda,SEA,0,0
Aristides Aquino,CIN,1,0
Arodys Vizcaino,ATL,0,0
Aroldis Chapman,NYY,0,0
Artie Lewicki,DET,0,0
Asdrubal Cabrera,- - -,592,0.316
Austen Williams,WSN,0,0
Austin Adams,WSN,0,0
Austin Barnes,LAD,238,0.329
Austin Bibens-Dirkx,TEX,0,0
Austin Brice,CIN,1,0
Austin Davis,PHI,3,0
Austin Dean,MIA,122,0.279
Austin Gomber,STL,21,0.211
Austin Hedges,SDP,326,0.282
Austin Jackson,- - -,375,0.299
Austin Meadows,- - -,191,0.325
Austin Pruitt,TBR,0,0
Austin Romine,NYY,265,0.295
Austin Slater,SFG,225,0.333
Austin Voth,WSN,2,0
Austin Wynns,BAL,118,0.287
Avisail Garcia,CHW,385,0.281
Bartolo Colon,TEX,4,0
Beau Taylor,OAK,6,0.333
Ben Gamel,SEA,293,0.358
Ben Lively,- - -,7,0
Ben Meyer,MIA,1,0
Ben Taylor,CLE,0,0
Ben Zobrist,CHC,520,0.378
Billy Hamilton,CIN,556,0.299
Billy McKinney,- - -,132,0.318
Blaine Boyer,KCR,0,0
Blaine Hardy,DET,0,0
Blake Parker,LAA,0,0
Blake Snell,TBR,3,0.667
Blake Swihart,BOS,207,0.285
Blake Trahan,CIN,14,0.214
Blake Treinen,OAK,0,0
Blake Wood,LAA,0,0
Bobby Poyner,BOS,0,0
Bobby Wahl,NYM,0,0
Bobby Wilson,MIN,151,0.242
Boog Powell,OAK,25,0.2
Boone Logan,MIL,0,0
Brad Boxberger,ARI,0,0
Brad Brach,- - -,0,0
Brad Hand,- - -,1,0
Brad Keller,KCR,3,0.333
Brad Miller,- - -,254,0.311
Brad Peacock,HOU,1,0
Brad Wieck,SDP,0,0
Brad Ziegler,- - -,0,0
Braden Shipley,ARI,2,0
Bradley Zimmer,CLE,114,0.281
Brandon Barnes,CLE,21,0.333
Brandon Belt,SFG,456,0.342
Brandon Crawford,SFG,594,0.325
Brandon Cumpton,TOR,0,0
Brandon Dixon,CIN,124,0.218
Brandon Drury,- - -,86,0.256
Brandon Finnegan,CIN,7,0
Brandon Guyer,CLE,221,0.3
Brandon Kintzler,- - -,1,0
Brandon Lowe,TBR,148,0.324
Brandon Mann,TEX,0,0
Brandon Maurer,KCR,0,0
Brandon McCarthy,ATL,31,0.103
Brandon Morrow,CHC,1,0
Brandon Nimmo,NYM,535,0.404
Brandon Phillips,BOS,27,0.259
Brandon Snyder,TBR,6,0.167
Brandon Woodruff,MIL,10,0.333
Brandon Workman,BOS,0,0
Braxton Lee,MIA,18,0.222
Brent Suter,MIL,32,0.323
Brett Anderson,OAK,4,0.25
Brett Cecil,STL,0,0
Brett Gardner,NYY,609,0.322
Brett Graves,MIA,2,0
Brett Kennedy,SDP,9,0
Brett Phillips,- - -,147,0.252
Breyvic Valera,- - -,75,0.301
Brian Anderson,MIA,670,0.357
Brian Dozier,- - -,632,0.305
Brian Duensing,CHC,2,0.5
Brian Flynn,KCR,1,0
Brian Goodwin,- - -,180,0.318
Brian Johnson,BOS,4,0.25
Brian McCann,HOU,216,0.301
Brock Holt,BOS,367,0.362
Brock Stewart,LAD,2,0
Brooks Pounders,COL,0,0
Bruce Maxwell,OAK,58,0.207
Bruce Rondon,CHW,0,0
Bryan Holaday,MIA,166,0.261
Bryan Mitchell,SDP,19,0.111
Bryan Shaw,COL,0,0
Bryce Harper,WSN,695,0.393
Bryse Wilson,ATL,2,0
Buck Farmer,DET,0,0
Bud Norris,STL,0,0
Buddy Baumann,- - -,1,0
Burch Smith,KCR,0,0
Buster Posey,SFG,448,0.359
Byron Buxton,MIN,94,0.183
C.D. Pelham,TEX,0,0
C.J. Cron,TBR,560,0.323
Caleb Ferguson,LAD,5,0.2
Caleb Frare,CHW,0,0
Caleb Joseph,BAL,280,0.254
Caleb Smith,MIA,26,0.136
Cam Bedrosian,LAA,0,0
Cam Gallagher,KCR,69,0.25
Cameron Maybin,- - -,384,0.326
Carl Edwards Jr.,CHC,0,0
Carlos Asuaje,SDP,218,0.286
Carlos Carrasco,CLE,4,0.25
Carlos Correa,HOU,468,0.323
Carlos Gomez,TBR,408,0.298
Carlos Gonzalez,COL,504,0.329
Carlos Martinez,STL,36,0.235
Carlos Perez,- - -,75,0.178
Carlos Ramirez,- - -,0,0
Carlos Rodon,CHW,0,0
Carlos Santana,PHI,679,0.352
Carlos Tocci,TEX,135,0.271
Carlos Torres,WSN,0,0
Carson Fulmer,CHW,0,0
Carson Kelly,STL,42,0.205
Carson Smith,BOS,0,0
Casey Kelly,SFG,6,0
Casey Lawrence,SEA,0,0
Casey Sadler,PIT,2,0
CC Sabathia,NYY,0,0
Cedric Mullins II,BAL,191,0.312
Cesar Hernandez,PHI,708,0.356
Chad Bell,DET,0,0
Chad Bettis,COL,39,0.139
Chad Green,NYY,0,0
Chad Kuhl,PIT,27,0.143
Chad Pinder,OAK,333,0.332
Chad Sobotka,ATL,1,1
Chad Wallach,MIA,52,0.275
Chance Adams,NYY,0,0
Chance Sisco,BAL,184,0.288
Charlie Blackmon,COL,696,0.358
Charlie Culberson,ATL,322,0.326
Charlie Morton,HOU,6,0.167
Charlie Tilson,CHW,121,0.331
Chase Anderson,MIL,49,0.089
Chase d'Arnaud,SFG,100,0.253
Chase De Jong,MIN,0,0
Chase Headley,SDP,60,0.233
Chase Utley,LAD,187,0.305
Chase Whitley,ATL,0,0
Chasen Bradford,SEA,0,0
Chasen Shreve,- - -,1,0
Chaz Roe,TBR,0,0
Cheslor Cuthbert,KCR,117,0.282
Chih-Wei Hu,TBR,0,0
Chris Archer,- - -,17,0.118
Chris Bassitt,OAK,0,0
Chris Beck,- - -,2,0
Chris Davis,BAL,522,0.243
Chris Devenski,HOU,0,0
Chris Flexen,NYM,0,0
Chris Gimenez,- - -,66,0.288
Chris Hatcher,OAK,0,0
Chris Herrmann,SEA,87,0.322
Chris Iannetta,COL,360,0.345
Chris Martin,TEX,0,0
Chris O'Grady,MIA,0,0
Chris Owings,ARI,309,0.272
Chris Rowley,TOR,0,0
Chris Rusin,COL,5,0.5
Chris Sale,BOS,2,0
Chris Shaw,SFG,62,0.274
Chris Stewart,- - -,17,0.235
Chris Stratton,SFG,50,0.136
Chris Taylor,LAD,604,0.331
Chris Tillman,BAL,0,0
Chris Volstad,CHW,0,0
Chris Young,LAA,128,0.252
Christian Arroyo,TBR,59,0.339
Christian Bergman,SEA,2,0.5
Christian Vazquez,BOS,269,0.257
Christian Villanueva,SDP,384,0.299
Christian Walker,ARI,53,0.226
Christian Yelich,MIL,651,0.402
Christin Stewart,DET,72,0.375
Christopher Bostick,- - -,18,0.278
Cionel Perez,HOU,0,0
Clay Buchholz,ARI,37,0.094
Clay Holmes,PIT,6,0
Clayton Kershaw,LAD,57,0.34
Clayton Richard,SDP,51,0.156
Cliff Pennington,CIN,34,0.265
Clint Frazier,NYY,41,0.39
Cody Allen,CLE,0,0
Cody Bellinger,LAD,632,0.343
Cody Carroll,BAL,0,0
Cody Reed,CIN,12,0.083
Colby Rasmus,BAL,49,0.204
Cole Hamels,- - -,27,0.154
Colin Moran,PIT,465,0.34
Collin McHugh,HOU,0,0
Colten Brewer,SDP,0,0
Connor Sadzeck,TEX,0,0
Corban Joseph,BAL,19,0.263
Corbin Burnes,MIL,1,0
Corey Dickerson,PIT,533,0.33
Corey Kluber,CLE,6,0
Corey Knebel,MIL,0,0
Corey Oswalt,NYM,19,0
Corey Seager,LAD,115,0.348
Cory Gearrin,- - -,0,0
Cory Mazzoni,CHC,0,0
Cory Spangenberg,SDP,329,0.298
Craig Gentry,BAL,169,0.321
Craig Kimbrel,BOS,0,0
Craig Stammen,SDP,0,0
Curt Casali,CIN,156,0.355
Curtis Granderson,- - -,403,0.351
D.J. Snelten,SFG,1,0
D.J. Stewart,BAL,47,0.34
Dakota Hudson,STL,1,0
Dallas Keuchel,HOU,2,0
Dalton Pompey,TOR,11,0.273
Dan Altavilla,SEA,0,0
Dan Butler,BOS,7,0.143
Dan Jennings,MIL,3,0.667
Dan Otero,CLE,0,0
Dan Straily,MIA,43,0.35
Dan Winkler,ATL,1,0
Daniel Castro,COL,47,0.191
Daniel Corcino,LAD,1,0
Daniel Descalso,ARI,423,0.353
Daniel Gossett,OAK,0,0
Daniel Hudson,LAD,2,0
Daniel Mengden,OAK,3,0.333
Daniel Murphy,- - -,351,0.336
Daniel Norris,DET,2,0
Daniel Palka,CHW,449,0.294
Daniel Ponce de Leon,STL,10,0.111
Daniel Robertson,TBR,340,0.382
Daniel Stumpf,DET,0,0
Daniel Vogelbach,SEA,102,0.324
Daniel Zamora,NYM,0,0
Danny Barnes,TOR,0,0
Danny Coulombe,OAK,0,0
Danny Duffy,KCR,2,0
Danny Farquhar,CHW,0,0
Danny Jansen,TOR,95,0.347
Danny Santana,ATL,32,0.281
Danny Valencia,BAL,282,0.316
Dansby Swanson,ATL,533,0.304
Darnell Sweeney,TOR,4,0.5
Darren O'Day,BAL,0,0
David Bote,CHC,210,0.319
David Dahl,COL,271,0.325
David Fletcher,LAA,307,0.316
David Freese,- - -,312,0.359
David Freitas,SEA,106,0.277
David Hale,- - -,0,0
David Hernandez,CIN,1,0
David Hess,BAL,3,0.333
David Paulino,TOR,0,0
David Peralta,ARI,614,0.352
David Price,BOS,0,0
David Robertson,NYY,0,0
David Wright,NYM,3,0.333
Dawel Lugo,DET,101,0.267
Dean Deetz,HOU,0,0
Dean Kiekhefer,OAK,0,0
Deck McGuire,- - -,3,0.333
Dee Gordon,SEA,588,0.288
Delino DeShields,TEX,393,0.31
Dellin Betances,NYY,1,0
Denard Span,- - -,501,0.341
Dennis Santana,LAD,2,0.5
Dereck Rodriguez,SFG,39,0.094
Derek Dietrich,MIA,551,0.33
Derek Fisher,HOU,86,0.209
Derek Holland,SFG,56,0.074
Derek Law,SFG,1,1
Deven Marrero,ARI,85,0.224
Devin Mesoraco,- - -,274,0.303
Devon Travis,TOR,378,0.275
Dexter Fowler,STL,334,0.278
Didi Gregorius,NYY,569,0.335
Diego Castillo,TBR,1,0
Dillon Maples,CHC,0,0
Dillon Peters,MIA,9,0.25
Dilson Herrera,CIN,97,0.268
Dixon Machado,DET,233,0.263
DJ Johnson,COL,0,0
DJ LeMahieu,COL,581,0.321
Domingo German,NYY,2,0.5
Domingo Santana,MIL,235,0.328
Dominic Leone,STL,0,0
Dominic Smith,NYM,149,0.255
Donnie Hart,BAL,0,0
Doug Fister,TEX,0,0
Dovydas Neverauskas,PIT,0,0
Drew Anderson,PHI,4,0
Drew Butera,- - -,182,0.264
Drew Gagnon,NYM,2,0
Drew Hutchison,- - -,5,0.4
Drew Pomeranz,BOS,0,0
Drew Robinson,TEX,125,0.288
Drew Rucinski,MIA,4,0
Drew Smith,NYM,0,0
Drew Steckenrider,MIA,0,0
Drew VerHagen,DET,1,0
Duane Underwood Jr.,CHC,1,0
Dustin Fowler,OAK,203,0.256
Dustin Garneau,CHW,3,0.667
Dustin Pedroia,BOS,13,0.231
Dustin Peterson,ATL,2,0
Dwight Smith Jr.,TOR,75,0.347
Dylan Bundy,BAL,5,0.2
Dylan Covey,CHW,1,0
Dylan Cozens,PHI,44,0.273
Dylan Floro,- - -,5,0
Eddie Butler,- - -,3,0.333
Eddie Rosario,MIN,592,0.323
Edgar Santana,PIT,0,0
Edmundo Sosa,STL,3,0.333
Eduardo Escobar,- - -,631,0.334
Eduardo Nunez,BOS,502,0.289
Eduardo Paredes,LAA,0,0
Eduardo Rodriguez,BOS,2,0
Edubray Ramos,PHI,0,0
Edward Paredes,LAD,0,0
Edwin Diaz,SEA,0,0
Edwin Encarnacion,CLE,579,0.336
Edwin Jackson,OAK,2,0
Efren Navarro,CHC,6,0.167
Ehire Adrianza,MIN,366,0.301
Elias Diaz,PIT,277,0.339
Elieser Hernandez,MIA,11,0
Elvis Andrus,TEX,428,0.308
Emilio Pagan,OAK,0,0
Ender Inciarte,ATL,660,0.325
Engelb Vielma,BAL,8,0.25
Enny Romero,- - -,1,1
Enrique Hernandez,LAD,462,0.336
Enyel De Los Santos,PHI,5,0
Erasmo Ramirez,SEA,3,0
Eric Haase,CLE,17,0.176
Eric Hanhold,NYM,0,0
Eric Hosmer,SDP,677,0.322
Eric Lauer,SDP,37,0.094
Eric Skoglund,KCR,3,0
Eric Sogard,MIL,113,0.241
Eric Stout,KCR,0,0
Eric Thames,MIL,278,0.306
Eric Young Jr.,LAA,117,0.248
Erick Fedde,WSN,17,0.118
Erik Goeddel,- - -,0,0
Erik Gonzalez,CLE,143,0.301
Erik Kratz,MIL,219,0.28
Ervin Santana,MIN,0,0
Eugenio Suarez,CIN,606,0.366
Evan Gattis,HOU,451,0.284
Evan Longoria,SFG,512,0.281
Evan Marshall,CLE,0,0
Evan Phillips,- - -,0,0
Felipe Vazquez,PIT,1,0
Felix Hernandez,SEA,4,0
Felix Pena,LAA,6,0
Fernando Rodney,- - -,0,0
Fernando Romero,MIN,3,0
Fernando Salas,ARI,1,0
Framber Valdez,HOU,0,0
Franchy Cordero,SDP,154,0.307
Francisco Arcia,LAA,106,0.226
Francisco Cervelli,PIT,404,0.378
Francisco Lindor,CLE,745,0.352
Francisco Liriano,DET,2,0
Francisco Mejia,- - -,62,0.258
Francisco Pena,STL,142,0.239
Frankie Montas,OAK,5,0
Franklin Barreto,OAK,75,0.253
Franmil Reyes,SDP,285,0.34
Freddie Freeman,ATL,707,0.388
Freddy Galvis,SDP,656,0.299
Freddy Peralta,MIL,27,0.038
Gabriel Guerrero,CIN,18,0.167
Gabriel Moya,MIN,0,0
Garrett Cooper,MIA,38,0.316
Garrett Hampson,COL,48,0.396
Garrett Richards,LAA,0,0
Gary Sanchez,NYY,374,0.291
George Kontos,- - -,0,0
George Springer,HOU,620,0.346
Gerardo Parra,COL,443,0.342
German Marquez,COL,65,0.3
Gerrit Cole,HOU,9,0
Gerson Bautista,NYM,0,0
Giancarlo Stanton,NYY,705,0.343
Gift Ngoepe,TOR,19,0.105
Gio Gonzalez,- - -,55,0.096
Gio Urshela,TOR,46,0.283
Giovanny Gallegos,- - -,1,0
Glenn Sparkman,KCR,0,0
Gleyber Torres,NYY,484,0.34
Gordon Beckham,SEA,50,0.25
Gorkys Hernandez,SFG,451,0.285
Grayson Greiner,DET,116,0.328
Greg Allen,CLE,291,0.31
Greg Bird,NYY,311,0.286
Greg Garcia,STL,208,0.309
Greg Holland,- - -,0,0
Gregor Blanco,SFG,203,0.262
Gregorio Petit,MIN,67,0.313
Gregory Infante,CHW,0,0
Gregory Polanco,PIT,535,0.34
Guillermo Heredia,SEA,337,0.318
Hanley Ramirez,BOS,195,0.313
Hansel Robles,- - -,1,0
Hanser Alberto,TEX,30,0.241
Harold Castro,DET,10,0.3
Harrison Bader,STL,427,0.334
Harrison Musgrave,COL,3,0
Heath Fillmyer,KCR,5,0.25
Heath Hembree,BOS,1,0
Hector Neris,PHI,1,0
Hector Rondon,HOU,0,0
Hector Santiago,CHW,4,0
Hector Velazquez,BOS,1,0
Hernan Perez,MIL,334,0.29
Hoby Milner,- - -,0,0
Homer Bailey,CIN,34,0.148
Howie Kendrick,WSN,160,0.331
Hunter Dozier,KCR,388,0.278
Hunter Pence,SFG,248,0.258
Hunter Renfroe,SDP,441,0.302
Hunter Strickland,SFG,0,0
Hunter Wood,TBR,0,0
Hyun-Jin Ryu,LAD,30,0.321
Ian Desmond,COL,619,0.307
Ian Hamilton,CHW,0,0
Ian Happ,CHC,462,0.353
Ian Kennedy,KCR,2,0.5
Ian Kinsler,- - -,534,0.301
Ian Krol,LAA,0,0
Ichiro Suzuki,SEA,47,0.255
Ildemaro Vargas,ARI,20,0.25
Isaac Galloway,MIA,74,0.301
Isiah Kiner-Falefa,TEX,396,0.325
Ivan Nova,PIT,56,0.019
J.A. Happ,- - -,7,0.429
J.B. Wendelken,OAK,0,0
J.D. Davis,HOU,113,0.248
J.D. Martinez,BOS,649,0.402
J.J. Hoover,MIL,0,0
J.P. Crawford,PHI,138,0.319
J.T. Realmuto,MIA,531,0.34
Jabari Blash,LAA,45,0.2
Jace Fry,CHW,0,0
Jace Peterson,- - -,246,0.31
Jack Flaherty,STL,52,0.188
Jack Reinheimer,NYM,35,0.286
Jackie Bradley Jr.,BOS,535,0.314
Jackson Stephens,CIN,3,0.333
Jacob Barnes,MIL,0,0
Jacob deGrom,NYM,74,0.211
Jacob Nix,SDP,16,0
Jacob Nottingham,MIL,24,0.333
Jacob Rhame,NYM,1,0
Jacob Stallings,PIT,41,0.268
Jacob Turner,- - -,0,0
JaCoby Jones,DET,467,0.266
Jaime Barria,LAA,5,0
Jaime Garcia,- - -,4,0
Jaime Schultz,TBR,0,0
Jake Arrieta,PHI,50,0.188
Jake Barrett,ARI,0,0
Jake Bauers,TBR,388,0.316
Jake Cave,MIN,309,0.313
Jake Diekman,- - -,0,0
Jake Faria,TBR,0,0
Jake Jewell,LAA,0,0
Jake Lamb,ARI,238,0.307
Jake Marisnick,HOU,235,0.275
Jake McGee,COL,0,0
Jake Newberry,KCR,0,0
Jake Odorizzi,MIN,8,0
Jake Petricka,TOR,1,0
Jake Smolinski,OAK,41,0.171
Jake Thompson,PHI,2,0
Jakob Junis,KCR,2,0
Jalen Beeks,- - -,2,0
James Hoyt,HOU,0,0
James McCann,DET,457,0.267
James Norwood,CHC,3,0
James Paxton,SEA,0,0
James Pazos,SEA,0,0
James Shields,CHW,7,0.167
Jameson Taillon,PIT,63,0.086
Jared Hughes,CIN,0,0
Jarlin Garcia,MIA,11,0.1
Jarrod Dyson,ARI,237,0.282
Jarrod Saltalamacchia,DET,8,0.125
Jason Adam,KCR,0,0
Jason Castro,MIN,74,0.257
Jason Hammel,KCR,3,0
Jason Heyward,CHC,489,0.335
Jason Kipnis,CLE,601,0.315
Jason Vargas,NYM,31,0.179
Javier Baez,CHC,645,0.326
Javy Guerra,SDP,19,0.263
Jay Bruce,NYM,361,0.31
JB Shuck,MIA,142,0.255
JC Ramirez,LAA,0,0
Jean Segura,SEA,632,0.341
Jeanmar Gomez,CHW,0,0
Jed Lowrie,OAK,680,0.353
Jedd Gyorko,STL,402,0.346
Jeff Beliveau,CLE,0,0
Jeff Brigham,MIA,4,0.333
Jeff Hoffman,COL,1,0
Jeff Mathis,ARI,218,0.272
Jeff McNeil,NYM,248,0.381
Jeff Samardzija,SFG,11,0.1
Jeffrey Springs,TEX,0,0
Jefry Marte,LAA,209,0.273
Jefry Rodriguez,WSN,18,0.188
Jeimer Candelario,DET,619,0.317
Jen-Ho Tseng,CHC,0,0
Jerad Eickhoff,PHI,1,0
Jeremy Bleich,OAK,0,0
Jeremy Hellickson,WSN,35,0.063
Jeremy Jeffress,MIL,0,0
Jerry Blevins,NYM,2,0.5
Jerry Vasto,- - -,0,0
Jesmuel Valentin,PHI,89,0.258
Jesse Biddle,ATL,2,0.5
Jesse Chavez,- - -,1,0
Jesse Winker,CIN,334,0.405
Jesus Aguilar,MIL,566,0.352
Jesus Reyes,CIN,0,0
Jesus Sucre,TBR,198,0.247
Jett Bandy,MIL,71,0.268
Jeurys Familia,- - -,0,0
Jhan Marinez,BAL,0,0
Jhoulys Chacin,MIL,68,0.203
Jim Adduci,DET,185,0.29
Jim Johnson,LAA,0,0
Ji-Man Choi,- - -,221,0.357
Jimmie Sherfy,ARI,0,0
Jimmy Cordero,WSN,0,0
Jimmy Yacabonis,BAL,0,0
Joakim Soria,- - -,0,0
Joc Pederson,LAD,443,0.321
Joe Biagini,TOR,0,0
Joe Hudson,LAA,12,0.167
Joe Jimenez,DET,0,0
Joe Kelly,BOS,0,0
Joe Mauer,MIN,543,0.351
Joe Musgrove,PIT,35,0.161
Joe Panik,SFG,392,0.307
Joe Ross,WSN,5,0
Joe Smith,HOU,0,0
Joey Gallo,TEX,577,0.312
Joey Krehbiel,ARI,0,0
Joey Lucchesi,SDP,39,0.154
Joey Rickard,BAL,230,0.3
Joey Votto,CIN,623,0.417
Joey Wendle,TBR,545,0.354
Johan Camargo,ATL,524,0.349
John Andreoli,- - -,67,0.284
John Axford,- - -,0,0
John Brebbia,STL,2,0
John Curtiss,MIN,0,0
John Gant,STL,34,0.065
John Hicks,DET,312,0.312
John Lamb,LAA,0,0
John Means,BAL,0,0
John Ryan Murphy,ARI,223,0.244
Johnny Barbato,DET,0,0
Johnny Cueto,SFG,13,0
Johnny Field,- - -,233,0.254
Jon Berti,TOR,15,0.267
Jon Edwards,CLE,0,0
Jon Gray,COL,61,0.127
Jon Jay,- - -,586,0.33
Jon Lester,CHC,65,0.119
Jonathan Davis,TOR,27,0.259
Jonathan Holder,NYY,0,0
Jonathan Loaisiga,NYY,2,0
Jonathan Lucroy,OAK,454,0.291
Jonathan Schoop,- - -,501,0.266
Jonathan Villar,- - -,515,0.325
Jonny Venters,- - -,0,0
Jordan Hicks,STL,1,0
Jordan Luplow,PIT,103,0.272
Jordan Lyles,- - -,20,0.167
Jordan Montgomery,NYY,0,0
Jordan Zimmermann,DET,2,0
Jordy Mercer,PIT,436,0.315
Jorge Alfaro,PHI,377,0.324
Jorge Bonifacio,KCR,270,0.312
Jorge De La Rosa,- - -,2,0.5
Jorge Lopez,- - -,2,0.5
Jorge Polanco,MIN,333,0.345
Jorge Soler,KCR,257,0.354
Jose Abreu,CHW,553,0.325
Jose Altuve,HOU,599,0.386
Jose Alvarado,TBR,0,0
Jose Alvarez,LAA,0,0
Jose Bautista,- - -,399,0.348
Jose Berrios,MIN,4,0
Jose Briceno,LAA,128,0.299
Jose Castillo,SDP,1,0
Jose Fernandez,LAA,123,0.309
Jose Iglesias,DET,464,0.31
Jose Leclerc,TEX,0,0
Jose Lobaton,NYM,57,0.246
Jose Martinez,STL,590,0.364
Jose Osuna,PIT,111,0.252
Jose Peraza,CIN,683,0.326
Jose Pirela,SDP,473,0.3
Jose Quintana,CHC,58,0.077
Jose Ramirez,CLE,698,0.387
Jose Reyes,NYM,251,0.26
Jose Rondon,CHW,107,0.28
Jose Ruiz,CHW,0,0
Jose Trevino,TEX,8,0.25
Jose Urena,MIA,52,0.061
Jose Valdez,SFG,0,0
Josh Bell,PIT,583,0.357
Josh Donaldson,- - -,219,0.352
Josh Fields,LAD,0,0
Josh Hader,MIL,2,0.5
Josh Harrison,PIT,374,0.293
Josh James,HOU,0,0
Josh Lucas,OAK,0,0
Josh Osich,SFG,0,0
Josh Phegley,OAK,102,0.255
Josh Ravin,ATL,0,0
Josh Reddick,HOU,487,0.318
Josh Rogers,BAL,0,0
Josh Smoker,- - -,0,0
Josh Tomlin,CLE,0,0
JT Chargois,LAD,1,0
JT Riddle,MIA,332,0.277
Juan Centeno,TEX,38,0.184
Juan Graterol,- - -,9,0.333
Juan Lagares,NYM,64,0.375
Juan Minaya,CHW,0,0
Juan Nicasio,SEA,0,0
Juan Soto,WSN,494,0.406
Julio Teheran,ATL,54,0.19
Julio Urias,LAD,1,0
Jung Ho Kang,PIT,6,0.333
Junichi Tazawa,- - -,0,0
Junior Guerra,MIL,37,0.114
Jurickson Profar,TEX,594,0.335
Justin Anderson,LAA,0,0
Justin Bour,- - -,501,0.341
Justin Grimm,- - -,0,0
Justin Haley,BOS,0,0
Justin Hancock,CHC,2,0
Justin Miller,WSN,1,0
Justin Shafer,TOR,0,0
Justin Smoak,TOR,594,0.35
Justin Turner,LAD,426,0.406
Justin Upton,LAA,613,0.344
Justin Verlander,HOU,5,0.2
Justin Williams,TBR,1,0
Justin Wilson,CHC,1,0
Justus Sheffield,NYY,0,0
Kaleb Cowart,LAA,124,0.21
Kazuhisa Makita,SDP,3,0
Kelby Tomlinson,SFG,152,0.265
Kelvin Herrera,- - -,0,0
Ken Giles,- - -,0,0
Kendall Graveman,OAK,0,0
Kendrys Morales,TOR,471,0.331
Kenley Jansen,LAD,0,0
Kenta Maeda,LAD,40,0.094
Keon Broxton,MIL,89,0.281
Keone Kela,- - -,0,0
Ketel Marte,ARI,580,0.332
Keury Mella,CIN,2,0
Kevan Smith,CHW,187,0.348
Kevin Gausman,- - -,25,0.2
Kevin Jepsen,TEX,0,0
Kevin Kaczmarski,NYM,5,0.2
Kevin Kiermaier,TBR,367,0.282
Kevin Kramer,PIT,40,0.175
Kevin McCarthy,KCR,0,0
Kevin Newman,PIT,97,0.247
Kevin Pillar,TOR,542,0.282
Kevin Plawecki,NYM,277,0.315
Kevin Quackenbush,CIN,0,0
Kevin Shackelford,CIN,1,0
Keynan Middleton,LAA,0,0
Khris Davis,OAK,654,0.326
Kirby Yates,SDP,2,0
Koda Glover,WSN,0,0
Kohl Stewart,MIN,0,0
Kolby Allard,ATL,3,1
Kole Calhoun,LAA,552,0.283
Kolten Wong,STL,407,0.332
Kris Bryant,CHC,457,0.374
Kris Medlen,ARI,1,0
Kristopher Negron,- - -,33,0.242
Kurt Suzuki,ATL,388,0.332
Kyle Barraclough,MIA,0,0
Kyle Crick,PIT,0,0
Kyle Crockett,CIN,0,0
Kyle Farmer,LAD,77,0.312
Kyle Freeland,COL,71,0.119
Kyle Gibson,MIN,2,1
Kyle Hendricks,CHC,66,0.097
Kyle Higashioka,NYY,79,0.241
Kyle McGowin,WSN,2,0
Kyle McGrath,SDP,1,0
Kyle Schwarber,CHC,510,0.356
Kyle Seager,SEA,630,0.273
Kyle Tucker,HOU,72,0.236
Kyle Wright,ATL,0,0
Lance Lynn,- - -,4,0
Lance McCullers Jr.,HOU,2,0
Lane Adams,ATL,29,0.345
Leonys Martin,- - -,353,0.323
Leury Garcia,CHW,275,0.303
Lewis Brinson,MIA,406,0.24
Liam Hendriks,OAK,0,0
Logan Forsythe,- - -,416,0.313
Logan Morrison,MIN,359,0.276
Lonnie Chisenhall,CLE,95,0.394
Lorenzo Cain,MIL,620,0.395
Lou Trivino,OAK,0,0
Louis Coleman,DET,0,0
Lourdes Gurriel Jr.,TOR,263,0.309
Lucas Duda,- - -,367,0.313
Lucas Giolito,CHW,6,0
Lucas Sims,- - -,2,0
Luis Avilan,- - -,1,0
Luis Castillo,CIN,65,0.131
Luis Cessa,NYY,1,0
Luis Garcia,PHI,0,0
Luis Guillorme,NYM,74,0.284
Luis Ortiz,BAL,0,0
Luis Perdomo,SDP,9,0.222
Luis Santos,TOR,0,0
Luis Sardinas,BAL,20,0.2
Luis Severino,NYY,5,0
Luis Urias,SDP,53,0.264
Luis Valbuena,LAA,288,0.253
Luiz Gohara,ATL,2,0
Luke Bard,LAA,0,0
Luke Farrell,CHC,5,0
Luke Gregerson,STL,0,0
Luke Jackson,ATL,3,0.5
Luke Maile,TOR,231,0.333
Luke Voit,- - -,161,0.398
Luke Weaver,STL,46,0.179
Mac Williamson,SFG,105,0.295
Madison Bumgarner,SFG,46,0.174
Magneuris Sierra,MIA,156,0.222
Maikel Franco,PHI,465,0.314
Mallex Smith,TBR,544,0.367
Manny Machado,- - -,709,0.367
Manny Pina,MIL,337,0.307
Manuel Margot,SDP,519,0.292
Marc Rzepczynski,- - -,0,0
Marcell Ozuna,STL,628,0.325
Marco Estrada,TOR,1,0
Marco Gonzales,SEA,3,0
Marcus Semien,OAK,703,0.318
Marcus Stroman,TOR,3,0.333
Marcus Walden,BOS,0,0
Mark Canha,OAK,411,0.328
Mark Leiter,- - -,3,0
Mark Melancon,SFG,0,0
Mark Reynolds,WSN,235,0.328
Mark Trumbo,BAL,358,0.313
Mark Zagunis,CHC,6,0.5
Martin Maldonado,- - -,404,0.276
Martin Perez,TEX,3,0
Martin Prado,MIA,209,0.287
Marwin Gonzalez,HOU,552,0.324
Masahiro Tanaka,NYY,6,0
Mason Williams,CIN,132,0.331
Matt Adams,- - -,337,0.309
Matt Albers,MIL,0,0
Matt Andriese,- - -,1,0
Matt Barnes,BOS,0,0
Matt Belisle,- - -,0,0
Matt Bowman,STL,1,0
Matt Bush,TEX,0,0
Matt Carpenter,STL,677,0.374
Matt Chapman,OAK,616,0.356
Matt Davidson,CHW,496,0.319
Matt den Dekker,NYM,21,0.095
Matt Duffy,TBR,560,0.361
Matt Grace,WSN,3,0.333
Matt Hall,DET,0,0
Matt Harvey,- - -,57,0.109
Matt Holliday,COL,65,0.415
Matt Joyce,OAK,246,0.322
Matt Kemp,LAD,506,0.338
Matt Koch,ARI,23,0.2
Matt Magill,MIN,1,0
Matt Moore,TEX,0,0
Matt Olson,OAK,660,0.335
Matt Reynolds,WSN,14,0.214
Matt Shoemaker,LAA,0,0
Matt Skole,CHW,13,0.385
Matt Strahm,SDP,8,0
Matt Szczur,SDP,84,0.265
Matt Wieters,WSN,271,0.33
Matt Wisler,- - -,9,0
Matthew Boyd,DET,2,0
Matthew Festa,SEA,0,0
Max Fried,ATL,8,0.125
Max Kepler,MIN,611,0.319
Max Moroff,PIT,67,0.284
Max Muncy,LAD,481,0.391
Max Scherzer,WSN,78,0.274
Max Stassi,HOU,250,0.316
Meibrys Viloria,KCR,29,0.286
Melky Cabrera,CLE,278,0.335
Merandy Gonzalez,MIA,4,0.25
Michael A. Taylor,WSN,385,0.287
Michael Brantley,CLE,631,0.364
Michael Conforto,NYM,638,0.35
Michael Feliz,PIT,2,0
Michael Fulmer,DET,7,0
Michael Hermosillo,LAA,62,0.274
Michael Kopech,CHW,0,0
Michael Lorenzen,CIN,34,0.333
Michael Perez,TBR,80,0.304
Michael Reed,ATL,7,0.286
Michael Wacha,STL,32,0.115
Miguel Almonte,LAA,0,0
Miguel Andujar,NYY,606,0.328
Miguel Cabrera,DET,157,0.395
Miguel Castro,BAL,0,0
Miguel Diaz,SDP,0,0
Miguel Gomez,SFG,15,0.267
Miguel Gonzalez,CHW,0,0
Miguel Montero,WSN,13,0.154
Miguel Rojas,MIA,528,0.297
Miguel Sano,MIN,299,0.281
Miguel Socolovich,ATL,0,0
Mike Clevinger,CLE,4,0
Mike Dunn,COL,0,0
Mike Fiers,- - -,0,0
Mike Foltynewicz,ATL,66,0.052
Mike Freeman,CHC,1,0
Mike Gerber,DET,47,0.17
Mike Hauschild,TOR,0,0
Mike Leake,SEA,4,0
Mike Marjama,SEA,29,0.172
Mike Mayers,STL,2,0.5
Mike Minor,TEX,3,0.333
Mike Montgomery,CHC,35,0.118
Mike Morin,SEA,0,0
Mike Moustakas,- - -,635,0.315
Mike Soroka,ATL,8,0.125
Mike Tauchman,COL,37,0.194
Mike Trout,LAA,608,0.46
Mike Wright Jr.,BAL,1,0
Mike Zagurski,MIL,0,0
Mike Zunino,SEA,405,0.259
Mikie Mahtook,DET,250,0.276
Miles Mikolas,STL,71,0.167
Mitch Garver,MIN,335,0.335
Mitch Haniger,SEA,683,0.366
Mitch Moreland,BOS,459,0.325
Mitch Walding,PHI,19,0.158
Moises Sierra,WSN,60,0.217
Mookie Betts,BOS,614,0.438
Murphy Smith,TOR,0,0
Mychal Givens,BAL,0,0
Myles Straw,HOU,10,0.4
Nate Jones,CHW,0,0
Nate Orf,MIL,25,0.24
Nathan Eovaldi,- - -,10,0.2
Neil Ramirez,CLE,1,0
Neil Walker,NYY,398,0.309
Nelson Cruz,SEA,591,0.342
Nestor Cortes,BAL,0,0
Nick Ahmed,ARI,564,0.29
Nick Burdi,PIT,0,0
Nick Castellanos,DET,678,0.354
Nick Ciuffo,TBR,44,0.262
Nick Franklin,MIL,2,0
Nick Gardewine,TEX,0,0
Nick Goody,CLE,0,0
Nick Hundley,SFG,305,0.298
Nick Kingham,PIT,25,0.16
Nick Markakis,ATL,705,0.366
Nick Martini,OAK,179,0.397
Nick Pivetta,PHI,45,0.143
Nick Rumbelow,SEA,0,0
Nick Tropeano,LAA,0,0
Nick Vincent,SEA,0,0
Nick Williams,PHI,448,0.324
Nick Wittgren,MIA,0,0
Nicky Delmonico,CHW,318,0.296
Niko Goodrum,DET,492,0.315
Noah Syndergaard,NYM,52,0.143
Noe Ramirez,LAA,0,0
Noel Cuevas,COL,153,0.268
Nolan Arenado,COL,673,0.374
Nolan Fontana,LAA,12,0.167
Nomar Mazara,TEX,536,0.317
Odrisamer Despaigne,- - -,5,0.2
Odubel Herrera,PHI,597,0.31
Oliver Drake,- - -,0,0
Oliver Perez,CLE,0,0
Omar Narvaez,CHW,322,0.366
Orlando Arcia,MIL,366,0.268
Osmer Morales,LAA,0,0
Ozzie Albies,ATL,684,0.305
P.J. Conlon,NYM,3,0.333
Pablo Lopez,MIA,18,0.235
Pablo Reyes,PIT,63,0.349
Pablo Sandoval,SFG,252,0.31
Parker Bridwell,LAA,0,0
Pat Neshek,PHI,0,0
Pat Valaika,COL,133,0.214
Pat Venditte,LAD,0,0
Patrick Corbin,ARI,67,0.222
Patrick Kivlehan,ARI,14,0.286
Patrick Wisdom,STL,58,0.362
Paul Blackburn,OAK,2,0
Paul DeJong,STL,490,0.313
Paul Fry,BAL,0,0
Paul Goldschmidt,ARI,690,0.389
Paul Sewald,NYM,6,0
Paulo Orlando,KCR,93,0.194
Pedro Alvarez,BAL,127,0.283
Pedro Araujo,BAL,0,0
Pedro Baez,LAD,4,0
Pedro Florimon,PHI,76,0.276
Pedro Severino,WSN,213,0.254
Pedro Strop,CHC,2,0
Pete Kozma,DET,73,0.236
Peter Bourjos,ATL,47,0.239
Peter Moylan,ATL,0,0
Peter O'Brien,MIA,74,0.338
Phil Gosselin,CIN,28,0.25
Phil Hughes,- - -,1,0
Phil Maton,SDP,0,0
Phillip Ervin,CIN,247,0.324
Phillip Evans,NYM,23,0.217
Pierce Johnson,SFG,1,0
Preston Guilmet,- - -,0,0
Preston Tucker,- - -,184,0.299
Rafael Bautista,WSN,6,0
Rafael Devers,BOS,490,0.298
Rafael Ortega,MIA,143,0.287
Raffy Lopez,SDP,117,0.265
Raimel Tapia,COL,27,0.259
Raisel Iglesias,CIN,3,0
Rajai Davis,CLE,216,0.278
Ramon Laureano,OAK,176,0.358
Ramon Torres,KCR,29,0.207
Randal Grichuk,TOR,462,0.301
Randall Delgado,ARI,0,0
Randy Rosario,CHC,2,1
Ranger Suarez,PHI,6,0.167
Ray Black,SFG,0,0
Reese McGuire,TOR,33,0.333
Renato Nunez,- - -,261,0.322
Rene Rivera,- - -,91,0.275
Rex Brothers,ATL,0,0
Reyes Moronta,SFG,1,0
Reymin Guduan,HOU,0,0
Reynaldo Lopez,CHW,1,0
Rhiner Cruz,TOR,0,0
Rhys Hoskins,PHI,660,0.354
Ricardo Rodriguez,TEX,0,0
Rich Hill,LAD,45,0.093
Richard Bleier,BAL,0,0
Richard Rodriguez,PIT,2,0
Richard Urena,TOR,108,0.34
Rick Porcello,BOS,7,0.429
Rio Ruiz,ATL,15,0.267
Rob Refsnyder,TBR,103,0.314
Rob Scahill,CHW,0,0
Rob Whalen,SEA,0,0
Rob Zastryzny,CHC,0,0
Robbie Erlin,SDP,27,0.25
Robbie Grossman,MIN,465,0.367
Robbie Ray,ARI,44,0.075
Robby Scott,BOS,0,0
Robert Gsellman,NYM,4,0.25
Robert Stephenson,CIN,3,0.333
Robert Stock,SDP,0,0
Roberto Gomez,SFG,2,0
Roberto Osuna,- - -,0,0
Roberto Perez,CLE,210,0.256
Robinson Cano,SEA,348,0.374
Robinson Chirinos,TEX,426,0.338
Rocky Gale,LAD,2,0
Roenis Elias,SEA,2,0.5
Roman Quinn,PHI,143,0.317
Ronald Acuna Jr.,ATL,487,0.366
Ronald Guzman,TEX,428,0.306
Ronald Torreyes,NYY,102,0.294
Ronny Rodriguez,DET,206,0.256
Rosell Herrera,- - -,302,0.286
Ross Detwiler,SEA,0,0
Ross Stripling,LAD,37,0.091
Rougned Odor,TEX,535,0.326
Rowan Wick,SDP,0,0
Rowdy Tellez,TOR,73,0.329
Russell Martin,TOR,352,0.338
Ryan Borucki,TOR,0,0
Ryan Brasier,BOS,0,0
Ryan Braun,MIL,447,0.313
Ryan Buchter,OAK,0,0
Ryan Burr,CHW,0,0
Ryan Carpenter,DET,0,0
Ryan Cook,SEA,0,0
Ryan Cordell,CHW,40,0.125
Ryan Dull,OAK,0,0
Ryan Flaherty,ATL,182,0.298
Ryan Goins,KCR,120,0.252
Ryan LaMarre,- - -,180,0.322
Ryan Lavarnway,PIT,6,0.667
Ryan Madson,- - -,0,0
Ryan McMahon,COL,202,0.307
Ryan Meisinger,BAL,0,0
Ryan O'Hearn,KCR,170,0.353
Ryan Pressly,- - -,0,0
Ryan Rua,TEX,147,0.221
Ryan Schimpf,LAA,7,0.429
Ryan Sherriff,STL,0,0
Ryan Tepera,TOR,0,0
Ryan Weber,TBR,1,0
Ryan Yarbrough,TBR,3,0
Ryan Zimmerman,WSN,323,0.337
Ryder Jones,SFG,8,0.375
Ryne Stanek,TBR,0,0
Ryon Healy,SEA,524,0.277
Sal Romano,CIN,40,0.056
Salvador Perez,KCR,544,0.274
Sam Dyson,SFG,0,0
Sam Freeman,ATL,1,0
Sam Gaviglio,TOR,3,0.333
Sam Howard,COL,0,0
Sam Travis,BOS,38,0.263
Sam Tuivailala,- - -,0,0
Sammy Solis,WSN,0,0
Sandy Alcantara,MIA,13,0.077
Sandy Baez,DET,0,0
Sandy Leon,BOS,288,0.232
Santiago Casilla,OAK,0,0
Scooter Gennett,CIN,638,0.357
Scott Alexander,LAD,6,0
Scott Barlow,KCR,0,0
Scott Copeland,NYM,0,0
Scott Kingery,PHI,484,0.267
Scott Oberg,COL,0,0
Scott Schebler,CIN,430,0.337
Sean Doolittle,WSN,0,0
Sean Gilmartin,BAL,0,0
Sean Manaea,OAK,5,0.2
Sean Newcomb,ATL,53,0.065
Sean Reid-Foley,TOR,3,0
Sean Rodriguez,PIT,173,0.277
Seranthony Dominguez,PHI,2,0.5
Sergio Romo,TBR,1,0
Seth Lugo,NYM,13,0.167
Seunghwan Oh,- - -,0,0
Shane Bieber,CLE,5,0.4
Shane Carle,ATL,5,0
Shane Greene,DET,0,0
Shane Robinson,NYY,54,0.208
Shawn Armstrong,SEA,0,0
Shawn Kelley,- - -,1,0
Shelby Miller,ARI,5,0.2
Sherman Johnson,LAA,11,0.091
Shin-Soo Choo,TEX,665,0.377
Shohei Ohtani,LAA,367,0.361
Silvino Bracho,ARI,0,0
Socrates Brito,ARI,44,0.227
Sonny Gray,NYY,2,0
Spencer Kieboom,WSN,143,0.322
Spencer Turnbull,DET,2,0
Starlin Castro,MIA,647,0.329
Starling Marte,PIT,606,0.327
Stephen Gonsalves,MIN,0,0
Stephen Piscotty,OAK,605,0.331
Stephen Strasburg,WSN,51,0.163
Stephen Tarpley,NYY,0,0
Steve Cishek,CHC,6,0.167
Steve Pearce,- - -,251,0.378
Steven Baron,STL,5,0.2
Steven Brault,PIT,21,0.19
Steven Duggar,SFG,152,0.303
Steven Matz,NYM,53,0.163
Steven Okert,SFG,0,0
Steven Souza Jr.,ARI,272,0.309
Steven Wright,BOS,0,0
Stevie Wilkerson,BAL,49,0.224
T.J. McFarland,ARI,7,0
Taijuan Walker,ARI,4,0
Tanner Anderson,PIT,1,0
Tanner Rainey,CIN,0,0
Tanner Roark,WSN,65,0.217
Tanner Scott,BAL,0,0
Taylor Cole,LAA,0,0
Taylor Davis,CHC,6,0.333
Taylor Guerrieri,TOR,0,0
Taylor Motter,- - -,38,0.237
Taylor Rogers,MIN,0,0
Taylor Ward,LAA,147,0.245
Taylor Williams,MIL,4,0.25
Tayron Guerrero,MIA,0,0
Teoscar Hernandez,TOR,523,0.302
Terrance Gore,CHC,5,0.2
Thomas Pannone,TOR,0,0
Thyago Vieira,CHW,0,0
Tim Anderson,CHW,606,0.281
Tim Beckham,BAL,402,0.287
Tim Collins,WSN,0,0
Tim Federowicz,- - -,42,0.262
Tim Hill,KCR,1,0
Tim Locastro,LAD,14,0.357
Tim Mayza,TOR,0,0
Tim Peterson,NYM,2,0
Todd Frazier,NYM,472,0.303
Tom Murphy,COL,96,0.25
Tomas Nido,NYM,90,0.2
Tomas Telis,MIA,31,0.258
Tommy Hunter,PHI,1,0
Tommy Kahnle,NYY,0,0
Tommy La Stella,CHC,192,0.34
Tommy Milone,WSN,9,0.125
Tommy Pham,- - -,570,0.367
Tony Barnette,TEX,0,0
Tony Cingrani,LAD,0,0
Tony Cruz,CIN,26,0.154
Tony Kemp,HOU,295,0.351
Tony Renda,BOS,0,0
Tony Sipp,HOU,0,0
Tony Watson,SFG,0,0
Tony Wolters,COL,216,0.292
Touki Toussaint,ATL,10,0.1
Travis d'Arnaud,NYM,16,0.25
Travis Jankowski,SDP,387,0.332
Travis Shaw,MIL,587,0.345
Trayce Thompson,- - -,137,0.162
Trea Turner,WSN,740,0.344
Trevor Bauer,CLE,3,0
Trevor Cahill,OAK,0,0
Trevor Gott,WSN,0,0
Trevor Hildenberger,MIN,0,0
Trevor May,MIN,0,0
Trevor Oaks,KCR,0,0
Trevor Plouffe,PHI,12,0.25
Trevor Richards,MIA,36,0.094
Trevor Story,COL,656,0.348
Trevor Williams,PIT,51,0.156
Trey Mancini,BAL,636,0.299
Trey Wingenter,SDP,0,0
Troy Scribner,ARI,1,0
Tucker Barnhart,CIN,522,0.328
Ty Blach,SFG,34,0.097
Ty Buttrey,LAA,0,0
Ty Kelly,NYM,12,0.167
Tyler Anderson,COL,60,0.167
Tyler Austin,- - -,268,0.287
Tyler Bashlor,NYM,1,0
Tyler Beede,SFG,2,0
Tyler Chatwood,CHC,32,0.192
Tyler Clippard,TOR,0,0
Tyler Cloyd,MIA,3,0
Tyler Danish,CHW,0,0
Tyler Duffey,MIN,0,0
Tyler Flowers,ATL,296,0.341
Tyler Glasnow,- - -,3,0
Tyler Kinley,- - -,0,0
Tyler Lyons,STL,0,0
Tyler Mahle,CIN,34,0.161
Tyler Naquin,CLE,183,0.295
Tyler Olson,CLE,0,0
Tyler O'Neill,STL,142,0.303
Tyler Saladino,- - -,139,0.299
Tyler Skaggs,LAA,0,0
Tyler Thornburg,BOS,0,0
Tyler Wade,NYY,70,0.214
Tyler Webb,- - -,1,0
Tyler White,HOU,237,0.354
Tyson Ross,- - -,46,0.209
Tzu-Wei Lin,BOS,73,0.329
Victor Alcantara,DET,0,0
Victor Arano,PHI,0,0
Victor Caratini,CHC,200,0.293
Victor Martinez,DET,508,0.297
Victor Reyes,DET,219,0.239
Victor Robles,WSN,66,0.348
Vidal Nuno,TBR,2,1
Vince Velasquez,PHI,45,0.225
Wade Davis,COL,0,0
Wade LeBlanc,SEA,4,0.333
Wade Miley,MIL,28,0.214
Walker Buehler,LAD,47,0.2
Walker Lockett,SDP,5,0.2
Wander Suero,WSN,3,0
Wandy Peralta,CIN,3,0
Warwick Saupold,DET,1,0
Wei-Yin Chen,MIA,42,0.15
Welington Castillo,CHW,181,0.304
Wes Parsons,ATL,1,0
Whit Merrifield,KCR,707,0.367
Wil Myers,SDP,343,0.318
Will Harris,HOU,0,0
Will Smith,SFG,0,0
William Cuevas,BOS,0,0
Williams Jerez,LAA,0,0
Willians Astudillo,MIN,97,0.371
Willie Calhoun,TEX,108,0.269
Willson Contreras,CHC,544,0.339
Willy Adames,TBR,323,0.348
Wilmer Difo,WSN,456,0.298
Wilmer Flores,NYM,429,0.319
Wilmer Font,- - -,2,0
Wilson Ramos,- - -,416,0.358
Wily Peralta,KCR,0,0
Xander Bogaerts,BOS,580,0.36
Xavier Cedeno,- - -,0,0
Yacksel Rios,PHI,1,0
Yadiel Rivera,MIA,160,0.269
Yadier Molina,STL,503,0.314
Yairo Munoz,STL,329,0.35
Yan Gomes,CLE,435,0.313
Yandy Diaz,CLE,120,0.375
Yangervis Solarte,TOR,506,0.277
Yasiel Puig,LAD,444,0.327
Yasmani Grandal,LAD,518,0.349
Yefry Ramirez,BAL,2,0
Yency Almonte,COL,1,0
Yimi Garcia,LAD,0,0
Yoan Lopez,ARI,0,0
Yoan Moncada,CHW,650,0.315
Yoenis Cespedes,NYM,157,0.325
Yohander Mendez,TEX,2,0
Yolmer Sanchez,CHW,662,0.306
Yonder Alonso,CLE,574,0.317
Yonny Chirinos,TBR,1,0
Yoshihisa Hirano,ARI,1,0
Yovani Gallardo,- - -,2,0
Yu Darvish,CHC,14,0.083
Yuli Gurriel,HOU,573,0.323
Yusmeiro Petit,OAK,0,0
Zac Curtis,- - -,0,0
Zac Reininger,DET,0,0
Zac Rosscup,LAD,0,0
Zach Davies,MIL,19,0.067
Zach Duke,- - -,1,0
Zach Eflin,PHI,50,0.091
Zach McAllister,- - -,0,0
Zach Neal,LAD,0,0
Zach Vincej,SEA,4,0.5
Zack Britton,- - -,0,0
Zack Cozart,LAA,253,0.296
Zack Godley,ARI,65,0.123
Zack Greinke,ARI,71,0.269
Zack Littell,MIN,0,0
Zack Weiss,CIN,0,0
Zack Wheeler,NYM,60,0.193
